<?xml version="1.0" encoding="UTF-8"?>
<project-private xmlns="http://www.netbeans.org/ns/project-private/1">
    <editor-bookmarks xmlns="http://www.netbeans.org/ns/editor-bookmarks/2" lastBookmarkId="0"/>
    <open-files xmlns="http://www.netbeans.org/ns/projectui-open-files/2">
        <group name="Textbook">
            <file>file:/D:/College%20Records/sophomore%202/Advanced%20Prog/Major/HMS%20New/src/hmsnew/Doctor.java</file>
            <file>file:/D:/College%20Records/sophomore%202/Advanced%20Prog/Major/HMS%20New/src/hms/pkgnew/HMSNew.java</file>
            <file>file:/D:/College%20Records/sophomore%202/Advanced%20Prog/Major/HMS%20New/src/hmsnew/Patient.java</file>
            <file>file:/D:/College%20Records/sophomore%202/Advanced%20Prog/Major/HMS%20New/src/hmsnew/Booking.java</file>
            <file>file:/D:/College%20Records/sophomore%202/Advanced%20Prog/Major/HMS%20New/src/hmsnew/Employee.java</file>
            <file>file:/D:/College%20Records/sophomore%202/Advanced%20Prog/Major/HMS%20New/src/hmsnew/Secretary.java</file>
            <file>file:/D:/College%20Records/sophomore%202/Advanced%20Prog/Major/HMS%20New/src/hmsnew/Person.java</file>
        </group>
    </open-files>
</project-private>
